<keymap version="1" name="VSCode copy" parent="VSCode">
  <action id="$Redo">
    <keyboard-shortcut first-keystroke="shift ctrl z" />
    <keyboard-shortcut first-keystroke="shift alt back_space" />
  </action>
  <action id="$SelectAll" />
  <action id="ActivateDatabaseToolWindow">
    <keyboard-shortcut first-keystroke="shift alt d" />
  </action>
  <action id="ActivateProjectToolWindow">
    <keyboard-shortcut first-keystroke="shift ctrl e" />
    <keyboard-shortcut first-keystroke="ctrl b" />
  </action>
  <action id="BookmarksView.Create">
    <keyboard-shortcut first-keystroke="alt insert" />
    <keyboard-shortcut first-keystroke="ctrl y" />
  </action>
  <action id="CallHierarchy" />
  <action id="Documentation.Forward">
    <keyboard-shortcut first-keystroke="alt right" />
  </action>
  <action id="EditorDuplicate" />
  <action id="EditorDuplicateLines">
    <keyboard-shortcut first-keystroke="shift alt down" />
  </action>
  <action id="EditorSelectLine">
    <keyboard-shortcut first-keystroke="ctrl i" />
    <keyboard-shortcut first-keystroke="ctrl a" />
  </action>
  <action id="EditorSelectSingleLineAtCaret">
    <keyboard-shortcut first-keystroke="ctrl a" />
  </action>
  <action id="FileChooser.GoForward">
    <keyboard-shortcut first-keystroke="alt right" />
  </action>
  <action id="FileChooser.NewFile" />
  <action id="GotoBookmark5" />
  <action id="GotoDeclaration">
    <mouse-shortcut keystroke="control button1" />
  </action>
  <action id="HideSideWindows" />
  <action id="NewElement">
    <keyboard-shortcut first-keystroke="ctrl n" />
  </action>
  <action id="RenameElement">
    <keyboard-shortcut first-keystroke="f2" />
    <keyboard-shortcut first-keystroke="alt f2" />
  </action>
  <action id="ShowIntentionActions">
    <keyboard-shortcut first-keystroke="ctrl period" />
    <keyboard-shortcut first-keystroke="ctrl 5" />
  </action>
  <action id="SplitHorizontally">
    <keyboard-shortcut first-keystroke="shift alt h" />
  </action>
  <action id="SplitVertically">
    <keyboard-shortcut first-keystroke="ctrl back_slash" />
    <keyboard-shortcut first-keystroke="shift alt v" />
  </action>
  <action id="Terminal.SelectAll" />
  <action id="ToggleFullScreen">
    <keyboard-shortcut first-keystroke="ctrl q" />
  </action>
  <action id="WebOpenInAction" />
  <action id="hg4idea.QFold" />
  <action id="org.intellij.plugins.markdown.ui.actions.styling.ToggleBoldAction" />
</keymap>